<?xml version="1.0" encoding="UTF-8"?>
<!--

    Licensed Materials - Property of IBM
    5725-I43 (C) Copyright IBM Corp. 2011, 2016. All Rights Reserved.
    US Government Users Restricted Rights - Use, duplication or
    disclosure restricted by GSA ADP Schedule Contract with IBM Corp.

-->

<project basedir="." default="help">
  <!-- Start of Property Passwords Generated by MobileFirst - to be edited to actual values -->
  <property name="mfp.config.admin.password" value="mfpadmin@123"/>
  <property name="database.oracle.mfp.password" value="{aes}ACIDQPlbnMYOMlecuLaXbhQNdT+v7z8XhcauGy2kdfx9P7W5a+svHt83i5+uzIGIyg=="/>
  <!-- End of Property Passwords Generated by MobileFirst -->

  <!-- Start of Property Parameters Generated by MobileFirst -->
  <property name="mfp.push.client.secret" value="eLLXnVbbfuL6"/>
  <property name="mfp.push.client.id" value="Push_ymb"/>
  <property name="mfp.admin.client.secret" value="sFCqNqdyvFBc"/>
  <property name="mfp.admin.client.id" value="Admin_ymb"/>
  <property name="mfp.config.admin.user" value="configUser_mfpadmin"/>
  <property name="mfp.farm.server.id" value="APPSERVER1"/>
  <property name="mfp.admin.default.user.initialpassword" value="{aes}AGm/uVMfk8T/Rs0zqwyyuI4ERzGSp+I1hS2gr8fuKc35"/>
  <property name="mfp.admin.default.user" value="mfpadmin"/>
  <property name="appserver.was85liberty.serverInstance" value="yesmobilenext"/>
  <property name="mfp.farm.configure" value="true"/>
  <property name="appserver.was.profile" value="Liberty"/>
  <property name="appserver.was.installdir" value="/MobileFirst/IBM/Liberty/"/>
  <property name="database.oracle.driver" value="/Backup/ojdbc6.jar"/>
  <property name="database.oracle.mfp.username" value="RMBMFPUSER"/>
  <property name="database.oracle.mfp.dbname" value="WKLITDR"/>
  <property name="database.oracle.port" value="1651"/>
  <property name="database.oracle.host" value="scan-ybldbc-drc2"/>
  <property name="mfp.environment.id" value="ymb"/>
  <property name="mfp.analytics.configure" value="false"/>
  <property name="mfp.authorization.url.auto" value="true"/>
  <property name="mfp.process.push" value="true"/>
  <property name="mfp.admin.console.install" value="true"/>
  <property name="mfp.admin.console.contextroot" value="/mfpconsole"/>
  <property name="mfp.runtime.contextroot" value="/ymb"/>
  <property name="mfp.admin.contextroot" value="/mfpadmin"/>
  <property name="mfp.process.runtime" value="true"/>
  <property name="mfp.process.admin" value="true"/>
  <property name="mfp.server.install.dir" value="/MobileFirst/IBM/MobileFirst_Platform_Server"/>
  <property name="mfp.config.parameters.version" value="1.0"/>
  <!-- End of Property Parameters Generated by MobileFirst -->

  <taskdef resource="com/ibm/mfp/ant/defaults.properties">
    <classpath>
      <fileset dir="${mfp.server.install.dir}/MobileFirstServer">
        <include name="mfp-ant-deployer.jar"/>
      </fileset>
    </classpath>
  </taskdef>

  <!-- Start of the databases target Generated by MobileFirst Server -->
  <target name="databases" depends="admdatabases, rtmdatabases, pushdatabases">
  </target>

  <target name="admdatabases">
    <configuredatabase kind="MobileFirstAdmin" execute="${mfp.process.admin}">
      <oracle database="${database.oracle.mfp.dbname}"
              server="${database.oracle.host}"
              port="${database.oracle.port}"
              user="${database.oracle.mfp.username}"
              password="${database.oracle.mfp.password}">
      </oracle>
      <driverclasspath>
        <pathelement location="${database.oracle.driver}"/>
      </driverclasspath>
    </configuredatabase>
  </target>

  <target name="rtmdatabases">
    <configuredatabase kind="MobileFirstRuntime" execute="${mfp.process.runtime}">
      <oracle database="${database.oracle.mfp.dbname}"
              server="${database.oracle.host}"
              port="${database.oracle.port}"
              user="${database.oracle.mfp.username}"
              password="${database.oracle.mfp.password}">
      </oracle>
      <driverclasspath>
        <pathelement location="${database.oracle.driver}"/>
      </driverclasspath>
    </configuredatabase>
  </target>

  <target name="pushdatabases">
    <configuredatabase kind="Push" execute="${mfp.process.push}">
      <oracle database="${database.oracle.mfp.dbname}"
              server="${database.oracle.host}"
              port="${database.oracle.port}"
              user="${database.oracle.mfp.username}"
              password="${database.oracle.mfp.password}">
      </oracle>
      <driverclasspath>
        <pathelement location="${database.oracle.driver}"/>
      </driverclasspath>
    </configuredatabase>
  </target>
  <!-- End of the databases target Generated by MobileFirst Server -->

  <!-- Start of the install target Generated by MobileFirst Server -->
  <target name="install" depends="adminstall, rtminstall, pushinstall">
  </target>

  <target name="adminstall">
    <installmobilefirstadmin execute="${mfp.process.admin}" contextroot="${mfp.admin.contextroot}" environmentId="${mfp.environment.id}">
      <console install="${mfp.admin.console.install}" contextroot="${mfp.admin.console.contextroot}">
        <artifacts/>
      </console>
      <configuration configAdminUser="${mfp.config.admin.user}" configAdminPassword="${mfp.config.admin.password}"/>
      <jmx/>
      <applicationserver>
        <websphereapplicationserver installdir="${appserver.was.installdir}"
                                    profile="${appserver.was.profile}"
                                    configureFarm="${mfp.farm.configure}"
                                    farmServerId="${mfp.farm.server.id}">
          <server name="${appserver.was85liberty.serverInstance}"/>
        </websphereapplicationserver>
      </applicationserver>
      <user name="${mfp.admin.default.user}" role="mfpadmin" password="${mfp.admin.default.user.initialpassword}"/>
      <database kind="MobileFirstAdmin">
        <oracle database="${database.oracle.mfp.dbname}"
                server="${database.oracle.host}"
                port="${database.oracle.port}"
                user="${database.oracle.mfp.username}"
                password="${database.oracle.mfp.password}"/>
        <driverclasspath>
          <pathelement location="${database.oracle.driver}"/>
        </driverclasspath>
      </database>
      <push configure="${mfp.process.push}">
      
      <authorization auto="${mfp.authorization.url.auto}"
                       runtimeContextRoot="${mfp.runtime.contextroot}"
                       adminClientID="${mfp.admin.client.id}"
                       adminClientSecret="${mfp.admin.client.secret}"
                       pushClientID="${mfp.push.client.id}"
                       pushClientSecret="${mfp.push.client.secret}"/>
       </push>
    </installmobilefirstadmin>
  </target>

  <target name="rtminstall">
    <installmobilefirstruntime execute="${mfp.process.runtime}" contextroot="${mfp.runtime.contextroot}" environmentId="${mfp.environment.id}">
      <applicationserver>
        <websphereapplicationserver installdir="${appserver.was.installdir}"
                                    profile="${appserver.was.profile}"
                                    configureFarm="${mfp.farm.configure}"
                                    farmServerId="${mfp.farm.server.id}">
          <server name="${appserver.was85liberty.serverInstance}"/>
        </websphereapplicationserver>
      </applicationserver>
      <database kind="MobileFirstRuntime">
        <oracle database="${database.oracle.mfp.dbname}"
                server="${database.oracle.host}"
                port="${database.oracle.port}"
                user="${database.oracle.mfp.username}"
                password="${database.oracle.mfp.password}"/>
        <driverclasspath>
          <pathelement location="${database.oracle.driver}"/>
        </driverclasspath>
      </database>
      <analytics install="${mfp.analytics.configure}"
                 analyticsURL="${mfp.analytics.url}"
                 consoleURL="${mfp.analytics.console.url}"
                 username="${mfp.analytics.user}"
                 password="${mfp.analytics.user.password}">
      </analytics>
    </installmobilefirstruntime>
  </target>

  <target name="pushinstall">
    <installmobilefirstpush execute="${mfp.process.push}">
    <authorization auto="${mfp.authorization.url.auto}"
                       runtimeContextRoot="${mfp.runtime.contextroot}"
                       adminClientID="${mfp.admin.client.id}"
                       adminClientSecret="${mfp.admin.client.secret}"
                       pushClientID="${mfp.push.client.id}"
                       pushClientSecret="${mfp.push.client.secret}"/>  
    <applicationserver>
        <websphereapplicationserver installdir="${appserver.was.installdir}"
                                    profile="${appserver.was.profile}">
          <server name="${appserver.was85liberty.serverInstance}"/>
        </websphereapplicationserver>
      </applicationserver>
      <database kind="Push">
        <oracle database="${database.oracle.mfp.dbname}"
                server="${database.oracle.host}"
                port="${database.oracle.port}"
                user="${database.oracle.mfp.username}"
                password="${database.oracle.mfp.password}"/>
        <driverclasspath>
          <pathelement location="${database.oracle.driver}"/>
        </driverclasspath>
      </database>
      <analytics install="${mfp.analytics.configure}"
                 analyticsURL="${mfp.analytics.url}"
                 username="${mfp.analytics.user}"
                 password="${mfp.analytics.user.password}">
      </analytics>
    </installmobilefirstpush>
  </target>
  <!-- End of the install target Generated by MobileFirst Server -->

  <!-- Start of the update target Generated by MobileFirst Server -->
  <target name="update" depends="admupdate, rtmupdate, pushupdate">
  </target>

  <target name="admupdate">
    <updatemobilefirstadmin execute="${mfp.process.admin}" contextroot="${mfp.admin.contextroot}" environmentId="${mfp.environment.id}">
      <console install="${mfp.admin.console.install}" contextroot="${mfp.admin.console.contextroot}">
        <artifacts/>
      </console>
      <configuration configAdminUser="${mfp.config.admin.user}" configAdminPassword="${mfp.config.admin.password}"/>
      <jmx/>
      <applicationserver>
        <websphereapplicationserver installdir="${appserver.was.installdir}"
                                    profile="${appserver.was.profile}"
                                    configureFarm="${mfp.farm.configure}"
                                    farmServerId="${mfp.farm.server.id}">
          <server name="${appserver.was85liberty.serverInstance}"/>
        </websphereapplicationserver>
      </applicationserver>
      <user name="${mfp.admin.default.user}" role="mfpadmin" password="${mfp.admin.default.user.initialpassword}"/>
      <database kind="MobileFirstAdmin">
        <oracle database="${database.oracle.mfp.dbname}"
                server="${database.oracle.host}"
                port="${database.oracle.port}"
                user="${database.oracle.mfp.username}"
                password="${database.oracle.mfp.password}"/>
        <driverclasspath>
          <pathelement location="${database.oracle.driver}"/>
        </driverclasspath>
      </database>
      <push configure="${mfp.process.push}">
     <authorization auto="${mfp.authorization.url.auto}"
                       runtimeContextRoot="${mfp.runtime.contextroot}"
                       adminClientID="${mfp.admin.client.id}"
                       adminClientSecret="${mfp.admin.client.secret}"
                       pushClientID="${mfp.push.client.id}"
                       pushClientSecret="${mfp.push.client.secret}"/> 

     </push>
    </updatemobilefirstadmin>
  </target>

  <target name="rtmupdate">
    <updatemobilefirstruntime execute="${mfp.process.runtime}" contextroot="${mfp.runtime.contextroot}" environmentId="${mfp.environment.id}">
      <applicationserver>
        <websphereapplicationserver installdir="${appserver.was.installdir}"
                                    profile="${appserver.was.profile}"
                                    configureFarm="${mfp.farm.configure}"
                                    farmServerId="${mfp.farm.server.id}">
          <server name="${appserver.was85liberty.serverInstance}"/>
        </websphereapplicationserver>
      </applicationserver>
      <database kind="MobileFirstRuntime">
        <oracle database="${database.oracle.mfp.dbname}"
                server="${database.oracle.host}"
                port="${database.oracle.port}"
                user="${database.oracle.mfp.username}"
                password="${database.oracle.mfp.password}"/>
        <driverclasspath>
          <pathelement location="${database.oracle.driver}"/>
        </driverclasspath>
      </database>
      <analytics install="${mfp.analytics.configure}"
                 analyticsURL="${mfp.analytics.url}"
                 consoleURL="${mfp.analytics.console.url}"
                 username="${mfp.analytics.user}"
                 password="${mfp.analytics.user.password}">
      </analytics>
    </updatemobilefirstruntime>
  </target>

  <target name="pushupdate">
    <updatemobilefirstpush execute="${mfp.process.push}">
     <authorization auto="${mfp.authorization.url.auto}"
                       runtimeContextRoot="${mfp.runtime.contextroot}"
                       adminClientID="${mfp.admin.client.id}"
                       adminClientSecret="${mfp.admin.client.secret}"
                       pushClientID="${mfp.push.client.id}"
                       pushClientSecret="${mfp.push.client.secret}"/> 
     <applicationserver>
        <websphereapplicationserver installdir="${appserver.was.installdir}"
                                    profile="${appserver.was.profile}">
          <server name="${appserver.was85liberty.serverInstance}"/>
        </websphereapplicationserver>
      </applicationserver>
      <database kind="Push">
        <oracle database="${database.oracle.mfp.dbname}"
                server="${database.oracle.host}"
                port="${database.oracle.port}"
                user="${database.oracle.mfp.username}"
                password="${database.oracle.mfp.password}"/>
        <driverclasspath>
          <pathelement location="${database.oracle.driver}"/>
        </driverclasspath>
      </database>
      <analytics install="${mfp.analytics.configure}"
                 analyticsURL="${mfp.analytics.url}"
                 username="${mfp.analytics.user}"
                 password="${mfp.analytics.user.password}">
      </analytics>
    </updatemobilefirstpush>
  </target>
  <!-- End of the update target Generated by MobileFirst Server -->

  <!-- Start of the uninstall target Generated by MobileFirst Server -->
  <target name="uninstall" depends="admuninstall, rtmuninstall, pushuninstall">
  </target>

  <target name="admuninstall">
    <uninstallmobilefirstadmin execute="${mfp.process.admin}" contextroot="${mfp.admin.contextroot}" environmentId="${mfp.environment.id}">
      <console install="${mfp.admin.console.install}" contextroot="${mfp.admin.console.contextroot}">
        <artifacts/>
      </console>
      <configuration configAdminUser="${mfp.config.admin.user}" configAdminPassword="${mfp.config.admin.password}"/>
      <jmx/>
      <applicationserver>
        <websphereapplicationserver installdir="${appserver.was.installdir}"
                                    profile="${appserver.was.profile}"
                                    configureFarm="${mfp.farm.configure}"
                                    farmServerId="${mfp.farm.server.id}">
          <server name="${appserver.was85liberty.serverInstance}"/>
        </websphereapplicationserver>
      </applicationserver>
      <user name="${mfp.admin.default.user}" role="mfpadmin" password="${mfp.admin.default.user.initialpassword}"/>
      <database kind="MobileFirstAdmin">
        <oracle database="${database.oracle.mfp.dbname}"
                server="${database.oracle.host}"
                port="${database.oracle.port}"
                user="${database.oracle.mfp.username}"
                password="${database.oracle.mfp.password}"/>
        <driverclasspath>
          <pathelement location="${database.oracle.driver}"/>
        </driverclasspath>
      </database>
      <push configure="${mfp.process.push}">
       <authorization auto="${mfp.authorization.url.auto}"
                       runtimeContextRoot="${mfp.runtime.contextroot}"
                       adminClientID="${mfp.admin.client.id}"
                       adminClientSecret="${mfp.admin.client.secret}"
                       pushClientID="${mfp.push.client.id}"
                       pushClientSecret="${mfp.push.client.secret}"/>      
</push>
    </uninstallmobilefirstadmin>
  </target>

  <target name="rtmuninstall">
    <uninstallmobilefirstruntime execute="${mfp.process.runtime}" contextroot="${mfp.runtime.contextroot}" environmentId="${mfp.environment.id}">
      <applicationserver>
        <websphereapplicationserver installdir="${appserver.was.installdir}"
                                    profile="${appserver.was.profile}"
                                    configureFarm="${mfp.farm.configure}"
                                    farmServerId="${mfp.farm.server.id}">
          <server name="${appserver.was85liberty.serverInstance}"/>
        </websphereapplicationserver>
      </applicationserver>
      <database kind="MobileFirstRuntime">
        <oracle database="${database.oracle.mfp.dbname}"
                server="${database.oracle.host}"
                port="${database.oracle.port}"
                user="${database.oracle.mfp.username}"
                password="${database.oracle.mfp.password}"/>
        <driverclasspath>
          <pathelement location="${database.oracle.driver}"/>
        </driverclasspath>
      </database>
      <analytics install="${mfp.analytics.configure}"
                 analyticsURL="${mfp.analytics.url}"
                 consoleURL="${mfp.analytics.console.url}"
                 username="${mfp.analytics.user}"
                 password="${mfp.analytics.user.password}">
      </analytics>
    </uninstallmobilefirstruntime>
  </target>

  <target name="pushuninstall">
    <uninstallmobilefirstpush execute="${mfp.process.push}">
    <authorization auto="${mfp.authorization.url.auto}"
                       runtimeContextRoot="${mfp.runtime.contextroot}"
                       adminClientID="${mfp.admin.client.id}"
                       adminClientSecret="${mfp.admin.client.secret}"
                       pushClientID="${mfp.push.client.id}"
                       pushClientSecret="${mfp.push.client.secret}"/>  
    <applicationserver>
        <websphereapplicationserver installdir="${appserver.was.installdir}"
                                    profile="${appserver.was.profile}">
          <server name="${appserver.was85liberty.serverInstance}"/>
        </websphereapplicationserver>
      </applicationserver>
      <database kind="Push">
        <oracle database="${database.oracle.mfp.dbname}"
                server="${database.oracle.host}"
                port="${database.oracle.port}"
                user="${database.oracle.mfp.username}"
                password="${database.oracle.mfp.password}"/>
        <driverclasspath>
          <pathelement location="${database.oracle.driver}"/>
        </driverclasspath>
      </database>
      <analytics install="${mfp.analytics.configure}"
                 analyticsURL="${mfp.analytics.url}"
                 username="${mfp.analytics.user}"
                 password="${mfp.analytics.user.password}">
      </analytics>
    </uninstallmobilefirstpush>
  </target>
  <!-- End of the uninstall target Generated by MobileFirst Server -->

  <target name="help">
    <basename property="ant.file.basename" file="${ant.file}"/>
    <echo message="This ant project file can be used in the following ways:"/>
    <echo/>
    <echo message="Basic usage :"/>
    <echo/>
    <echo message="ant -f ${ant.file.basename} databases"/>
    <echo message="This task configures or upgrades all the databases of the MobileFirst components (MobileFirst Administration Services, MobileFirst Configuration Services, MobileFirst Runtime, and MobileFirst Push)."/>
    <echo/>
    <echo message="ant -f ${ant.file.basename} install"/>
    <echo message="This task installs all the MobileFirst components (MobileFirst Administration Services, MobileFirst Configuration Services, MobileFirst Runtime, and MobileFirst Push) in the application server."/>
    <echo/>
    <echo message="ant -f ${ant.file.basename} update"/>
    <echo message="This task updates all the MobileFirst components (MobileFirst Administration Services, MobileFirst Configuration Services, MobileFirst Runtime, and MobileFirst Push) that are installed in the application server."/>
    <echo/>
    <echo message="ant -f ${ant.file.basename} uninstall"/>
    <echo message="This task uninstalls all the MobileFirst components (MobileFirst Administration Services, MobileFirst Configuration Services, and MobileFirst Runtime, MobileFirst Push) from the application server."/>
    <echo/>
    <echo/>
    <echo message="Advanced usage usage per MobileFirst component :"/>
    <echo/>
    <echo message="ant -f ${ant.file.basename} admdatabases"/>
    <echo message="This task configures or upgrades the databases of the MobileFirst Administration Services and the MobileFirst Configuration Services components."/>
    <echo/>
    <echo message="ant -f ${ant.file.basename} adminstall"/>
    <echo message="This task installs the MobileFirst Administration Services and the associated MobileFirst Configuration Services components in the application server."/>
    <echo/>
    <echo message="ant -f ${ant.file.basename} admupdate"/>
    <echo message="This task updates the MobileFirst Administration Service and the associated MobileFirst Configuration Services components that are installed in the application server."/>
    <echo/>
    <echo message="ant -f ${ant.file.basename} admuninstall"/>
    <echo message="This task uninstalls a MobileFirst Administration Services and the associated MobileFirst Configuration Services components from the application server."/>
    <echo/>
    <echo message="ant -f ${ant.file.basename} rtmdatabases"/>
    <echo message="This task configures or upgrades the database of the MobileFirst Runtime component."/>
    <echo/>
    <echo message="ant -f ${ant.file.basename} rtminstall"/>
    <echo message="This task installs the MobileFirst Runtime component in the application server."/>
    <echo/>
    <echo message="ant -f ${ant.file.basename} rtmupdate"/>
    <echo message="This task updates a MobileFirst Runtime component that is installed in the application server."/>
    <echo/>
    <echo message="ant -f ${ant.file.basename} rtmuninstall"/>
    <echo message="This task uninstalls a MobileFirst Runtime component from the application server."/>
    <echo/>
    <echo message="ant -f ${ant.file.basename} pushdatabases"/>
    <echo message="This task configures or upgrades the database of the MobileFirst Push component."/>
    <echo/>
    <echo message="ant -f ${ant.file.basename} pushinstall"/>
    <echo message="This task installs the MobileFirst Push component in the application server."/>
    <echo/>
    <echo message="ant -f ${ant.file.basename} pushupdate"/>
    <echo message="This task updates a MobileFirst Push component that is installed in the application server."/>
    <echo/>
    <echo message="ant -f ${ant.file.basename} pushuninstall"/>
    <echo message="This task uninstalls a MobileFirst Push component from the application server."/>
  </target>
</project>
